{
  "banco": "Banco do Brasil",
  "ticker": "BBAS3",
  "kpis": {
    "roe": {
      "2019-Q1": 0.168166,
      "2019-Q2": 0.175792,
      "2019-Q3": 0.18022,
      "2019-Q4": 0.177121,
      "2020-Q1": 0.125373,
      "2020-Q2": 0.118889,
      "2020-Q3": 0.119695,
      "2020-Q4": 0.120915,
      "2021-Q1": 0.151153,
      "2021-Q2": 0.144644,
      "2021-Q3": 0.142842,
      "2021-Q4": 0.165568,
      "2022-Q1": 0.181872,
      "2022-Q2": 0.208092,
      "2022-Q3": 0.219272,
      "2022-Q4": 0.229268,
      "2023-Q1": 0.210062,
      "2023-Q2": 0.213457,
      "2023-Q3": 0.212891,
      "2023-Q4": 0.225114,
      "2024-Q1": 0.216552,
      "2024-Q2": 0.216089,
      "2024-Q3": 0.211493,
      "2024-Q4": 0.208304,
      "2025-Q1": 0.166727,
      "2025-Q2": 0.08444,
      "2025-Q3": 0.083863,
      "2025-Q4": 0.124266
    },
    "indice_eficiencia": {
      "2019-Q1": 1.0,
      "2019-Q2": 0.364164,
      "2019-Q3": 0.357082,
      "2019-Q4": 0.360965,
      "2020-Q1": 0.36165,
      "2020-Q2": 0.366908,
      "2020-Q3": 0.369637,
      "2020-Q4": 0.365693,
      "2021-Q1": 0.368784,
      "2021-Q2": 0.367069,
      "2021-Q3": 0.359233,
      "2021-Q4": 0.356038,
      "2022-Q1": 0.346346,
      "2022-Q2": 0.331143,
      "2022-Q3": 0.314436,
      "2022-Q4": 0.292415,
      "2023-Q1": 0.307427,
      "2023-Q2": 0.288648,
      "2023-Q3": 0.278761,
      "2023-Q4": 0.270867,
      "2024-Q1": 0.25848,
      "2024-Q2": 0.254763,
      "2024-Q3": 0.253941,
      "2024-Q4": 0.255708,
      "2025-Q1": 0.265128,
      "2025-Q2": 0.270234,
      "2025-Q3": 0.276087,
      "2025-Q4": 0.277121
    },
    "lucro_liquido_recorrente": {
      "2025-Q1": 7374.036821169521,
      "2025-Q2": 3784.230830400802,
      "2025-Q3": 3784.85870644026,
      "2025-Q4": 5741.653139412349
    },
    "margem_financeira": {
      "2025-Q1": 23881.380717829397,
      "2025-Q2": 25079.93205306484,
      "2025-Q3": 26365.378596318023,
      "2025-Q4": 27801.42996294776
    },
    "carteira_credito": {
      "2017-Q1": 0.0006,
      "2017-Q2": 0.0006,
      "2017-Q3": 0.0006,
      "2017-Q4": 0.0006,
      "2018-Q1": 0.0006,
      "2018-Q2": 0.0006,
      "2018-Q3": 0.0006,
      "2018-Q4": 0.0006,
      "2019-Q1": 0.0006,
      "2019-Q2": 0.0006,
      "2019-Q3": 0.0006,
      "2019-Q4": 0.0006,
      "2020-Q1": 0.0007,
      "2020-Q2": 0.0007,
      "2020-Q3": 0.0007,
      "2020-Q4": 0.0007,
      "2021-Q1": 0.0007,
      "2021-Q2": 0.0007,
      "2021-Q3": 0.0007,
      "2021-Q4": 0.0008,
      "2022-Q1": 0.0008,
      "2022-Q2": 0.0008,
      "2022-Q3": 0.0009,
      "2022-Q4": 0.0009,
      "2023-Q1": 0.0009,
      "2023-Q2": 0.0009,
      "2023-Q3": 0.0009,
      "2023-Q4": 0.001,
      "2024-Q1": 0.001,
      "2024-Q2": 0.001,
      "2024-Q3": 0.0011,
      "2024-Q4": 0.0012,
      "2025-Q1": 0.0012,
      "2025-Q2": 0.0012,
      "2025-Q3": 0.0012,
      "2025-Q4": 0.0012
    },
    "total_ativos": {
      "2025-Q1": 2420.992,
      "2025-Q2": 2437.4833,
      "2025-Q3": 2538.718,
      "2025-Q4": 2451.6207
    },
    "basileia": {
      "2012-Q4": 0.151336,
      "2013-Q1": 0.166274,
      "2013-Q2": 0.15922,
      "2013-Q3": 0.15307,
      "2013-Q4": 0.145318,
      "2014-Q1": 0.138399,
      "2014-Q2": 0.141949,
      "2014-Q3": 0.1604,
      "2014-Q4": 0.161059,
      "2015-Q1": 0.160194,
      "2015-Q2": 0.161798,
      "2015-Q3": 0.161967,
      "2015-Q4": 0.161273,
      "2016-Q1": 0.1624,
      "2016-Q2": 0.1645,
      "2016-Q3": 0.1759,
      "2016-Q4": 0.184817,
      "2017-Q1": 0.181451,
      "2017-Q2": 0.180104,
      "2017-Q3": 0.191488,
      "2017-Q4": 0.196434,
      "2018-Q1": 0.184371,
      "2018-Q2": 0.1845,
      "2018-Q3": 0.187025,
      "2018-Q4": 0.188588,
      "2019-Q1": 0.192639,
      "2019-Q2": 0.185664,
      "2019-Q3": 0.189255,
      "2019-Q4": 0.185761,
      "2020-Q1": 0.178013,
      "2020-Q2": 0.186882,
      "2020-Q3": 0.212108,
      "2020-Q4": 0.211372,
      "2021-Q1": 0.195588,
      "2021-Q2": 0.196454,
      "2021-Q3": 0.193411,
      "2021-Q4": 0.177646,
      "2022-Q1": 0.176878,
      "2022-Q2": 0.175417,
      "2022-Q3": 0.167175,
      "2022-Q4": 0.166548,
      "2023-Q1": 0.161901,
      "2023-Q2": 0.157187,
      "2023-Q3": 0.162387,
      "2023-Q4": 0.15473,
      "2024-Q1": 0.151323,
      "2024-Q2": 0.141946,
      "2024-Q3": 0.146627,
      "2024-Q4": 0.137549,
      "2025-Q1": 0.141387,
      "2025-Q2": 0.141438,
      "2025-Q3": 0.148064,
      "2025-Q4": 0.151298
    },
    "custo_credito": {
      "2025-Q1": -10151.53815947,
      "2025-Q2": -15907.80407826,
      "2025-Q3": -17928.021434760038,
      "2025-Q4": -17959.40071592
    },
    "receita_servicos": {
      "2025-Q1": 8361.470103839998,
      "2025-Q2": 8753.750614759998,
      "2025-Q3": 8863.24617316,
      "2025-Q4": 8834.595375669998
    },
    "despesas_pessoal": {
      "2025-Q1": -6322.174645059997,
      "2025-Q2": -6444.329934380995,
      "2025-Q3": -6567.441015149998,
      "2025-Q4": -6469.585785150005
    },
    "despesas_admin": {
      "2025-Q1": -3174.1921576300015,
      "2025-Q2": -3231.754299240001,
      "2025-Q3": -3244.158424710002,
      "2025-Q4": -3418.0131345200007
    }
  }
}