{
  "banco": "Bradesco",
  "ticker": "BBDC4",
  "kpis": {
    "roe": {
      "2007-Q1": 0.289,
      "2007-Q2": 0.271,
      "2007-Q3": 0.252,
      "2007-Q4": 0.238,
      "2008-Q1": 0.253,
      "2008-Q2": 0.245,
      "2008-Q3": 0.233,
      "2008-Q4": 0.223,
      "2009-Q1": 0.241,
      "2009-Q2": 0.223,
      "2009-Q3": 0.202,
      "2009-Q4": 0.182,
      "2010-Q1": 0.215,
      "2010-Q2": 0.219,
      "2010-Q3": 0.211,
      "2010-Q4": 0.204,
      "2011-Q1": 0.231,
      "2011-Q2": 0.222,
      "2011-Q3": 0.214,
      "2011-Q4": 0.202,
      "2012-Q1": 0.211,
      "2012-Q2": 0.187,
      "2012-Q3": 0.177,
      "2012-Q4": 0.165,
      "2013-Q1": 0.181,
      "2013-Q2": 0.187,
      "2013-Q3": 0.183,
      "2013-Q4": 0.172,
      "2014-Q1": 0.203,
      "2014-Q2": 0.199,
      "2014-Q3": 0.193,
      "2014-Q4": 0.188,
      "2015-Q1": 0.204,
      "2015-Q2": 0.202,
      "2015-Q3": 0.206,
      "2015-Q4": 0.201,
      "2016-Q1": 0.176,
      "2016-Q2": 0.172,
      "2016-Q3": 0.172,
      "2016-Q4": 0.171,
      "2017-Q1": 0.178,
      "2017-Q2": 0.175,
      "2017-Q3": 0.171,
      "2017-Q4": 0.172,
      "2018-Q1": 0.179,
      "2018-Q2": 0.182,
      "2018-Q3": 0.181,
      "2018-Q4": 0.178,
      "2019-Q1": 0.197,
      "2019-Q2": 0.19,
      "2019-Q3": 0.186,
      "2019-Q4": 0.194,
      "2020-Q1": 0.116,
      "2020-Q2": 0.113,
      "2020-Q3": 0.123,
      "2020-Q4": 0.135,
      "2021-Q1": 0.1807,
      "2021-Q2": 0.175,
      "2021-Q3": 0.177,
      "2021-Q4": 0.178,
      "2022-Q1": 0.181,
      "2022-Q2": 0.182,
      "2022-Q3": 0.162,
      "2022-Q4": 0.134,
      "2023-Q1": 0.1102,
      "2023-Q2": 0.11,
      "2023-Q3": 0.111,
      "2023-Q4": 0.094,
      "2024-Q1": 0.1049,
      "2024-Q2": 0.112,
      "2024-Q3": 0.1158,
      "2024-Q4": 0.119,
      "2025-Q1": 0.141,
      "2025-Q2": 0.142,
      "2025-Q3": 0.142,
      "2025-Q4": 0.143
    },
    "indice_eficiencia": {
      "2017-Q1": 0.49200000000000005,
      "2017-Q2": 0.484,
      "2017-Q3": 0.48700000000000004,
      "2017-Q4": 0.488,
      "2018-Q1": 0.49,
      "2018-Q2": 0.494,
      "2018-Q3": 0.493,
      "2018-Q4": 0.496,
      "2019-Q1": 0.495,
      "2019-Q2": 0.494,
      "2019-Q3": 0.495,
      "2019-Q4": 0.49,
      "2020-Q1": 0.491,
      "2020-Q2": 0.478,
      "2020-Q3": 0.47200000000000003,
      "2020-Q4": 0.46299999999999997,
      "2021-Q1": 0.45299999999999996,
      "2021-Q2": 0.457,
      "2021-Q3": 0.45399999999999996,
      "2021-Q4": 0.46,
      "2022-Q1": 0.456,
      "2022-Q2": 0.447,
      "2022-Q3": 0.44799999999999995,
      "2022-Q4": 0.451,
      "2023-Q1": 0.45899999999999996,
      "2023-Q2": 0.46799999999999997,
      "2023-Q3": 0.473,
      "2023-Q4": 0.48700000000000004,
      "2024-Q1": 0.49700000000000005,
      "2024-Q2": 0.513,
      "2024-Q3": 0.522,
      "2024-Q4": 0.522,
      "2025-Q1": 0.518,
      "2025-Q2": 0.512,
      "2025-Q3": 0.507,
      "2025-Q4": 0.5
    },
    "lucro_liquido_recorrente": {
      "2025-Q1": 5864.0,
      "2025-Q2": 6067.0,
      "2025-Q3": 6205.0,
      "2025-Q4": 6516.0
    },
    "margem_financeira": {
      "2025-Q1": 17233.0,
      "2025-Q2": 18044.0,
      "2025-Q3": 18710.0,
      "2025-Q4": 19245.0
    },
    "receita_servicos": {
      "2025-Q1": 9769.0,
      "2025-Q2": 10307.0,
      "2025-Q3": 10592.0,
      "2025-Q4": 11084.0
    },
    "total_ativos": {
      "2025-Q1": 2114.665,
      "2025-Q2": 2196.957,
      "2025-Q3": 2256.529,
      "2025-Q4": 2382.602
    },
    "pl": {
      "2025-Q1": 164.193,
      "2025-Q2": 167.312,
      "2025-Q3": 169.59,
      "2025-Q4": 172.239
    },
    "carteira_credito": {
      "2025-Q1": 1005.122,
      "2025-Q2": 1018.426,
      "2025-Q3": 1034.238,
      "2025-Q4": 1089.23
    },
    "roaa": {
      "2007-Q1": 0.025,
      "2007-Q2": 0.025,
      "2007-Q3": 0.025,
      "2007-Q4": 0.024,
      "2008-Q1": 0.022000000000000002,
      "2008-Q2": 0.021,
      "2008-Q3": 0.02,
      "2008-Q4": 0.019,
      "2009-Q1": 0.017,
      "2009-Q2": 0.017,
      "2009-Q3": 0.016,
      "2009-Q4": 0.016,
      "2010-Q1": 0.017,
      "2010-Q2": 0.017,
      "2010-Q3": 0.017,
      "2010-Q4": 0.017,
      "2011-Q1": 0.017,
      "2011-Q2": 0.017,
      "2011-Q3": 0.017,
      "2011-Q4": 0.016,
      "2012-Q1": 0.015,
      "2012-Q2": 0.013999999999999999,
      "2012-Q3": 0.013999999999999999,
      "2012-Q4": 0.013999999999999999,
      "2013-Q1": 0.013000000000000001,
      "2013-Q2": 0.013000000000000001,
      "2013-Q3": 0.013000000000000001,
      "2013-Q4": 0.013999999999999999,
      "2014-Q1": 0.015,
      "2014-Q2": 0.016,
      "2014-Q3": 0.016,
      "2014-Q4": 0.016,
      "2015-Q1": 0.017,
      "2015-Q2": 0.017,
      "2015-Q3": 0.017,
      "2015-Q4": 0.017,
      "2016-Q1": 0.015,
      "2016-Q2": 0.015,
      "2016-Q3": 0.015,
      "2016-Q4": 0.015,
      "2017-Q1": 0.013999999999999999,
      "2017-Q2": 0.013999999999999999,
      "2017-Q3": 0.015,
      "2017-Q4": 0.015,
      "2018-Q1": 0.016,
      "2018-Q2": 0.016,
      "2018-Q3": 0.016,
      "2018-Q4": 0.016,
      "2019-Q1": 0.018000000000000002,
      "2019-Q2": 0.018000000000000002,
      "2019-Q3": 0.018000000000000002,
      "2019-Q4": 0.018000000000000002,
      "2020-Q1": 0.01,
      "2020-Q2": 0.01,
      "2020-Q3": 0.011000000000000001,
      "2020-Q4": 0.012,
      "2021-Q1": 0.016,
      "2021-Q2": 0.015,
      "2021-Q3": 0.016,
      "2021-Q4": 0.016,
      "2022-Q1": 0.016,
      "2022-Q2": 0.016,
      "2022-Q3": 0.013999999999999999,
      "2022-Q4": 0.011000000000000001,
      "2023-Q1": 0.009000000000000001,
      "2023-Q2": 0.009000000000000001,
      "2023-Q3": 0.009000000000000001,
      "2023-Q4": 0.009000000000000001,
      "2024-Q1": 0.008,
      "2024-Q2": 0.009000000000000001,
      "2024-Q3": 0.009000000000000001,
      "2024-Q4": 0.009000000000000001,
      "2025-Q1": 0.011000000000000001,
      "2025-Q2": 0.011000000000000001,
      "2025-Q3": 0.011000000000000001,
      "2025-Q4": 0.011000000000000001
    },
    "basileia": {
      "2007-Q1": 0.0,
      "2007-Q2": 0.0,
      "2007-Q3": 0.0,
      "2007-Q4": 0.0,
      "2008-Q1": 0.0,
      "2008-Q2": 0.0,
      "2008-Q3": 0.0,
      "2008-Q4": 0.0,
      "2009-Q1": 0.0,
      "2009-Q2": 0.0,
      "2009-Q3": 0.0,
      "2009-Q4": 0.0,
      "2010-Q1": 0.0,
      "2010-Q2": 0.0,
      "2010-Q3": 0.0,
      "2010-Q4": 0.0,
      "2011-Q1": 0.0,
      "2011-Q2": 0.0,
      "2011-Q3": 0.0,
      "2011-Q4": 0.0,
      "2012-Q1": 0.0,
      "2012-Q2": 0.0,
      "2012-Q3": 0.0,
      "2012-Q4": 0.0,
      "2013-Q1": 0.0,
      "2013-Q2": 0.0,
      "2013-Q3": 0.0,
      "2013-Q4": 0.0,
      "2014-Q1": 0.0,
      "2014-Q2": 0.0,
      "2014-Q3": 0.0,
      "2014-Q4": 0.0,
      "2015-Q1": 0.152,
      "2015-Q2": 0.16,
      "2015-Q3": 0.145,
      "2015-Q4": 0.168,
      "2016-Q1": 0.16899999999999998,
      "2016-Q2": 0.177,
      "2016-Q3": 0.145,
      "2016-Q4": 0.154,
      "2017-Q1": 0.153,
      "2017-Q2": 0.16699999999999998,
      "2017-Q3": 0.177,
      "2017-Q4": 0.171,
      "2018-Q1": 0.159,
      "2018-Q2": 0.149,
      "2018-Q3": 0.168,
      "2018-Q4": 0.17800000000000002,
      "2019-Q1": 0.18100000000000002,
      "2019-Q2": 0.18600000000000003,
      "2019-Q3": 0.18100000000000002,
      "2019-Q4": 0.165,
      "2020-Q1": 0.139,
      "2020-Q2": 0.15,
      "2020-Q3": 0.151,
      "2020-Q4": 0.158,
      "2021-Q1": 0.154,
      "2021-Q2": 0.16,
      "2021-Q3": 0.152,
      "2021-Q4": 0.158,
      "2022-Q1": 0.157,
      "2022-Q2": 0.156,
      "2022-Q3": 0.158,
      "2022-Q4": 0.14800000000000002,
      "2023-Q1": 0.151,
      "2023-Q2": 0.155,
      "2023-Q3": 0.16,
      "2023-Q4": 0.158,
      "2024-Q1": 0.154,
      "2024-Q2": 0.152,
      "2024-Q3": 0.151,
      "2024-Q4": 0.14800000000000002,
      "2025-Q1": 0.154,
      "2025-Q2": 0.155,
      "2025-Q3": 0.159,
      "2025-Q4": 0.158
    },
    "tier1": {
      "2007-Q1": 0.12848370808165227,
      "2007-Q2": 0.13074422156163107,