{
  "banco": "BTG Pactual",
  "ticker": "BPAC11",
  "kpis": {
    "lucro_liquido_recorrente": {
      "2011-Q1": 0.208259,
      "2011-Q2": 0.237518,
      "2011-Q3": 0.154191,
      "2011-Q4": 0.876998,
      "2012-Q1": 0.4235,
      "2012-Q2": 0.521891,
      "2012-Q3": 0.433508,
      "2012-Q4": 0.682316,
      "2013-Q1": 0.490844,
      "2013-Q2": 0.758466,
      "2013-Q3": 0.616916,
      "2013-Q4": 0.803513,
      "2014-Q1": 0.936739,
      "2014-Q2": 0.871127,
      "2014-Q3": 0.803774,
      "2014-Q4": 0.757604,
      "2015-Q1": 0.937275,
      "2015-Q2": 1.294204,
      "2015-Q3": 1.848047,
      "2015-Q4": 1.543974,
      "2016-Q1": 1.00851,
      "2016-Q2": 1.003208,
      "2016-Q3": 0.717075,
      "2016-Q4": 0.679786,
      "2017-Q1": 0.84261,
      "2017-Q2": 0.603212,
      "2017-Q3": 0.75859,
      "2017-Q4": 0.744466,
      "2018-Q1": 0.660302,
      "2018-Q2": 0.68505,
      "2018-Q3": 0.685174,
      "2018-Q4": 0.710732,
      "2019-Q1": 0.721421,
      "2019-Q2": 1.029264,
      "2019-Q3": 1.073057,
      "2019-Q4": 1.009559,
      "2020-Q1": 0.789356,
      "2020-Q2": 0.986771,
      "2020-Q3": 1.015721,
      "2020-Q4": 1.25807,
      "2021-Q1": 1.197427,
      "2021-Q2": 1.718914,
      "2021-Q3": 1.794227,
      "2021-Q4": 1.782471,
      "2022-Q1": 2.061735,
      "2022-Q2": 2.175321,
      "2022-Q3": 2.302021,
      "2022-Q4": 1.767386,
      "2023-Q1": 2.262625,
      "2023-Q2": 2.574945,
      "2023-Q3": 2.734279,
      "2023-Q4": 2.847258,
      "2024-Q1": 2.88943,
      "2024-Q2": 2.949047,
      "2024-Q3": 3.207321,
      "2024-Q4": 3.27575,
      "2025-Q1": 3.366962,
      "2025-Q2": 4.182099,
      "2025-Q3": 4.538574,
      "2025-Q4": 4.597132
    },
    "roe": {
      "2011-Q1": 0.29746,
      "2011-Q2": 0.166271,
      "2011-Q3": 0.107515,
      "2011-Q4": 0.585348,
      "2012-Q1": 0.258567,
      "2012-Q2": 0.265644,
      "2012-Q3": 0.189087,
      "2012-Q4": 0.280089,
      "2013-Q1": 0.189757,
      "2013-Q2": 0.280639,
      "2013-Q3": 0.217621,
      "2013-Q4": 0.270345,
      "2014-Q1": 0.2975,
      "2014-Q2": 0.262572,
      "2014-Q3": 0.231678,
      "2014-Q4": 0.208932,
      "2015-Q1": 0.247828,
      "2015-Q2": 0.325016,
      "2015-Q3": 0.419381,
      "2015-Q4": 0.319725,
      "2016-Q1": 0.201126,
      "2016-Q2": 0.194404,
      "2016-Q3": 0.135949,
      "2016-Q4": 0.151483,
      "2017-Q1": 0.159726,
      "2017-Q2": 0.1104,
      "2017-Q3": 0.109208,
      "2017-Q4": 0.142273,
      "2018-Q1": 0.129018,
      "2018-Q2": 0.131319,
      "2018-Q3": 0.12206,
      "2018-Q4": 0.116229,
      "2019-Q1": 0.141008,
      "2019-Q2": 0.194896,
      "2019-Q3": 0.194413,
      "2019-Q4": 0.223496,
      "2020-Q1": 0.141422,
      "2020-Q2": 0.163982,
      "2020-Q3": 0.155101,
      "2020-Q4": 0.186493,
      "2021-Q1": 0.164847,
      "2021-Q2": 0.205127,
      "2021-Q3": 0.195582,
      "2021-Q4": 0.189473,
      "2022-Q1": 0.202671,
      "2022-Q2": 0.205036,
      "2022-Q3": 0.2093,
      "2022-Q4": 0.155427,
      "2023-Q1": 0.197111,
      "2023-Q2": 0.214813,
      "2023-Q3": 0.22206,
      "2023-Q4": 0.224595,
      "2024-Q1": 0.218967,
      "2024-Q2": 0.215023,
      "2024-Q3": 0.224483,
      "2024-Q4": 0.219738,
      "2025-Q1": 0.219023,
      "2025-Q2": 0.259745,
      "2025-Q3": 0.268341,
      "2025-Q4": 0.259075
    },
    "indice_eficiencia": {
      "2011-Q1": 0.432799,
      "2011-Q2": 0.435205,
      "2011-Q3": 0.492822,
      "2011-Q4": 0.486566,
      "2012-Q1": 0.4291,
      "2012-Q2": 0.546937,
      "2012-Q3": 0.465299,
      "2012-Q4": 0.504463,
      "2013-Q1": 0.418679,
      "2013-Q2": 0.451819,
      "2013-Q3": 0.387354,
      "2013-Q4": 0.451271,
      "2014-Q1": 0.340071,
      "2014-Q2": 0.468261,
      "2014-Q3": 0.411842,
      "2014-Q4": 0.461833,
      "2015-Q1": 0.383218,
      "2015-Q2": 0.437325,
      "2015-Q3": 0.491244,
      "2015-Q4": 0.480059,
      "2016-Q1": 0.51042,
      "2016-Q2": 0.592587,
      "2016-Q3": 0.543434,
      "2016-Q4": 0.515721,
      "2017-Q1": 0.422806,
      "2017-Q2": 0.584766,
      "2017-Q3": 0.42872,
      "2017-Q4": 0.544487,
      "2018-Q1": 0.436296,
      "2018-Q2": 0.471325,
      "2018-Q3": 0.474632,
      "2018-Q4": 0.522022,
      "2019-Q1": 0.432777,
      "2019-Q2": 0.40427,
      "2019-Q3": 0.39248,
      "2019-Q4": 0.394866,
      "2020-Q1": 0.428596,
      "2020-Q2": 0.417505,
      "2020-Q3": 0.437476,
      "2020-Q4": 0.365021,
      "2021-Q1": 0.428717,
      "2021-Q2": 0.40938,
      "2021-Q3": 0.425751,
      "2021-Q4": 0.384068,
      "2022-Q1": 0.439167,
      "2022-Q2": 0.43058,
      "2022-Q3": 0.424699,
      "2022-Q4": 0.518853,
      "2023-Q1": 0.441859,
      "2023-Q2": 0.438384,
      "2023-Q3": 0.418337,
      "2023-Q4": 0.398178,
      "2024-Q1": 0.410511,
      "2024-Q2": 0.411421,
      "2024-Q3": 0.40356,
      "2024-Q4": 0.426227,
      "2025-Q1": 0.41171,
      "2025-Q2": 0.393524,
      "2025-Q3": 0.382004,
      "2025-Q4": 0.396541
    },
    "total_ativos": {
      "2011-Q1": 71.535,
      "2011-Q2": 75.151,
      "2011-Q3": 100.64,
      "2011-Q4": 82.012,
      "2012-Q1": 96.902,
      "2012-Q2": 117.53403,
      "2012-Q3": 131.25827,
      "2012-Q4": 123.316307,
      "2013-Q1": 147.369321,
      "2013-Q2": 168.568592,
      "2013-Q3": 170.127323,
      "2013-Q4": 119.801326,
      "2014-Q1": 133.545416,
      "2014-Q2": 129.811151,
      "2014-Q3": 146.480705,
      "2014-Q4": 162.662858,
      "2015-Q1": 176.956347,
      "2015-Q2": 181.005242,
      "2015-Q3": 290.410741,
      "2015-Q4": 254.548685,
      "2016-Q1": 223.729189,
      "2016-Q2": 203.419874,
      "2016-Q3": 119.028326,
      "2016-Q4": 111.77156,
      "2017-Q1": 125.170501,
      "2017-Q2": 119.112649,
      "2017-Q3": 113.709831,
      "2017-Q4": 126.591611,
      "2018-Q1": 146.33406,
      "2018-Q2": 157.415804,
      "2018-Q3": 163.855733,
      "2018-Q4": 137.646422,
      "2019-Q1": 211.805799,
      "2019-Q2": 173.629727,
      "2019-Q3": 167.986231,
      "2019-Q4": 164.382633,
      "2020-Q1": 200.357047,
      "2020-Q2": 230.411175,
      "2020-Q3": 253.211886,
      "2020-Q4": 244.925337,
      "2021-Q1": 279.803727,
      "2021-Q2": 335.19534,
      "2021-Q3": 372.234684,
      "2021-Q4": 346.142669,
      "2022-Q1": 391.34906,
      "2022-Q2": 454.826689,
      "2022-Q3": 439.904717,
      "2022-Q4": 450.612088,
      "2023-Q1": 470.401476,
      "2023-Q2": 474.552148,
      "2023-Q3": 496.439124,
      "2023-Q4": 493.232849,
      "2024-Q1": 567.677286,
      "2024-Q2": 600.362635,
      "2024-Q3": 611.38703,
      "2024-Q4": 646.841806,
      "2025-Q1": 608.441721,
      "2025-Q2": 656.07135,
      "2025-Q3": 684.960022,
      "2025-Q4": 805.968339
    },
    "pl": {
      "2011-Q1": 5.601,
      "2011-Q2": 5.827,
      "2011-Q3": 5.646,
      "2011-Q4": 6.34,
      "2012-Q1": 6.763,
      "2012-Q2": 8.954,
      "2012-Q3": 9.387056,
      "2012-Q4": 10.101467,
      "2013-Q1": 10.592149,
      "2013-Q2": 11.028993,
      "2013-Q3": 11.649567,
      "2013-Q4": 12.127823,
      "2014-Q1": 13.0618,
      "2014-Q2": 13.479583,
      "2014-Q3": 14.275328,
      "2014-Q4": 14.733327,
      "2015-Q1": 15.522282,
      "2015-Q2": 16.333515,
      "2015-Q3": 18.919304,
      "2015-Q4": 19.713266,
      "2016-Q1": 20.401228,
      "2016-Q2": 20.882166,
      "2016-Q3": 21.314481,
      "2016-Q4": 17.727221,
      "2017-Q1": 18.337834,
      "2017-Q2": 18.079311,
      "2017-Q3": 18.609298,
      "2017-Q4": 18.523692,
      "2018-Q1": 18.702487,
      "2018-Q2": 19.218976,
      "2018-Q3": 19.180185,
      "2018-Q4": 18.84493,
      "2019-Q1": 19.449082,
      "2019-Q2": 20.433716,
      "2019-Q3": 20.821091,
      "2019-Q4": 21.386631,
      "2020-Q1": 22.05335,
      "2020-Q2": 25.627624,
      "2020-Q3": 26.048841,
      "2020-Q4": 26.680655,
      "2021-Q1": 30.414346,
      "2021-Q2": 35.040323,
      "2021-Q3": 36.259354,
      "2021-Q4": 37.379747,
      "2022-Q1": 39.29953,
      "2022-Q2": 41.358735,