{
  "banco": "Banco BV",
  "ticker": "BV",
  "kpis": {
    "lucro_liquido_recorrente": {
      "2019-Q1": 0.336019,
      "2019-Q2": 0.351987,
      "2019-Q3": 0.355143,
      "2019-Q4": 0.327265,
      "2020-Q1": 0.221165,
      "2020-Q2": 0.220163,
      "2020-Q3": 0.274643,
      "2020-Q4": 0.346925,
      "2021-Q1": 0.356983,
      "2021-Q2": 0.388278,
      "2021-Q3": 0.402978,
      "2021-Q4": 0.420882,
      "2022-Q1": 0.387796,
      "2022-Q2": 0.411716,
      "2022-Q3": 0.386995,
      "2022-Q4": 0.278591,
      "2023-Q1": 0.281611,
      "2023-Q2": 0.284437,
      "2023-Q3": 0.285462,
      "2023-Q4": 0.302339,
      "2024-Q1": 0.320953,
      "2024-Q2": 0.363097,
      "2024-Q3": 0.496073,
      "2024-Q4": 0.541828,
      "2025-Q1": 0.480179,
      "2025-Q2": 0.459189,
      "2025-Q3": 0.460504,
      "2025-Q4": 0.464973
    },
    "roe": {
      "2019-Q1": 0.138274,
      "2019-Q2": 0.142729,
      "2019-Q3": 0.141795,
      "2019-Q4": 0.130695,
      "2020-Q1": 0.088936,
      "2020-Q2": 0.086921,
      "2020-Q3": 0.106215,
      "2020-Q4": 0.13175,
      "2021-Q1": 0.13267,
      "2021-Q2": 0.139031,
      "2021-Q3": 0.139121,
      "2021-Q4": 0.145002,
      "2022-Q1": 0.134478,
      "2022-Q2": 0.138538,
      "2022-Q3": 0.126212,
      "2022-Q4": 0.089649,
      "2023-Q1": 0.089707,
      "2023-Q2": 0.089925,
      "2023-Q3": 0.089574,
      "2023-Q4": 0.09443,
      "2024-Q1": 0.099859,
      "2024-Q2": 0.111422,
      "2024-Q3": 0.149791,
      "2024-Q4": 0.160387,
      "2025-Q1": 0.160495,
      "2025-Q2": 0.151269,
      "2025-Q3": 0.149855,
      "2025-Q4": 0.151376
    },
    "indice_eficiencia": {
      "2019-Q1": 0.32855,
      "2019-Q2": 0.323439,
      "2019-Q3": 0.324682,
      "2019-Q4": 0.322915,
      "2020-Q1": 0.317145,
      "2020-Q2": 0.312289,
      "2020-Q3": 0.321845,
      "2020-Q4": 0.322734,
      "2021-Q1": 0.324331,
      "2021-Q2": 0.325722,
      "2021-Q3": 0.321808,
      "2021-Q4": 0.342772,
      "2022-Q1": 0.358421,
      "2022-Q2": 0.382294,
      "2022-Q3": 0.393332,
      "2022-Q4": 0.385123,
      "2023-Q1": 0.386057,
      "2023-Q2": 0.374644,
      "2023-Q3": 0.367535,
      "2023-Q4": 0.367663,
      "2024-Q1": 0.370655,
      "2024-Q2": 0.37479,
      "2024-Q3": 0.377021,
      "2024-Q4": 0.378769,
      "2025-Q1": 0.37223,
      "2025-Q2": 0.372531,
      "2025-Q3": 0.374964,
      "2025-Q4": 0.376714
    },
    "margem_financeira": {
      "2019-Q1": 1.558828,
      "2019-Q2": 1.631168,
      "2019-Q3": 1.595955,
      "2019-Q4": 1.62578,
      "2020-Q1": 1.663163,
      "2020-Q2": 1.628677,
      "2020-Q3": 1.572921,
      "2020-Q4": 1.653017,
      "2021-Q1": 1.782539,
      "2021-Q2": 1.85476,
      "2021-Q3": 1.84936,
      "2021-Q4": 1.925384,
      "2022-Q1": 2.01138,
      "2022-Q2": 2.006094,
      "2022-Q3": 1.93661,
      "2022-Q4": 2.013464,
      "2023-Q1": 1.99904,
      "2023-Q2": 2.125556,
      "2023-Q3": 2.176938,
      "2023-Q4": 2.113639,
      "2024-Q1": 2.147972,
      "2024-Q2": 2.262084,
      "2024-Q3": 2.371972,
      "2024-Q4": 2.51877,
      "2025-Q1": 2.355541,
      "2025-Q2": 2.328738,
      "2025-Q3": 2.295062,
      "2025-Q4": 2.303622
    },
    "receita_servicos": {
      "2019-Q1": 0.495398,
      "2019-Q2": 0.503055,
      "2019-Q3": 0.496806,
      "2019-Q4": 0.539561,
      "2020-Q1": 0.52382,
      "2020-Q2": 0.373482,
      "2020-Q3": 0.524547,
      "2020-Q4": 0.565934,
      "2021-Q1": 0.504432,
      "2021-Q2": 0.564365,
      "2021-Q3": 0.563876,
      "2021-Q4": 0.462517,
      "2022-Q1": 0.444626,
      "2022-Q2": 0.436057,
      "2022-Q3": 0.530923,
      "2022-Q4": 0.538305,
      "2023-Q1": 0.485385,
      "2023-Q2": 0.493882,
      "2023-Q3": 0.575024,
      "2023-Q4": 0.6496,
      "2024-Q1": 0.652157,
      "2024-Q2": 0.646767,
      "2024-Q3": 0.684979,
      "2024-Q4": 0.695217,
      "2025-Q1": 0.617557,
      "2025-Q2": 0.556317,
      "2025-Q3": 0.623781,
      "2025-Q4": 0.831919
    },
    "carteira_credito": {
      "2018-Q1": 48.18539,
      "2018-Q2": 49.16992,
      "2018-Q3": 49.771075,
      "2018-Q4": 50.478145,
      "2019-Q1": 51.199141,
      "2019-Q2": 52.479541,
      "2019-Q3": 53.519378,
      "2019-Q4": 55.676058,
      "2020-Q1": 56.617823,
      "2020-Q2": 56.655069,
      "2020-Q3": 56.395534,
      "2020-Q4": 59.444012,
      "2021-Q1": 60.810836,
      "2021-Q2": 62.165235,
      "2021-Q3": 64.336449,
      "2021-Q4": 65.834111,
      "2022-Q1": 65.688308,
      "2022-Q2": 66.084287,
      "2022-Q3": 67.379408,
      "2022-Q4": 70.31784,
      "2023-Q1": 71.710368,
      "2023-Q2": 72.015812,
      "2023-Q3": 71.957417,
      "2023-Q4": 74.271758,
      "2024-Q1": 74.905734,
      "2024-Q2": 74.173095,
      "2024-Q3": 75.784509,
      "2024-Q4": 74.532682,
      "2025-Q1": 74.583004,
      "2025-Q2": 74.989063,
      "2025-Q3": 75.562777,
      "2025-Q4": 79.651757
    },
    "inadimplencia_90d": {
      "2018-Q1": 0.038624,
      "2018-Q2": 0.040048,
      "2018-Q3": 0.042089,
      "2018-Q4": 0.042167,
      "2019-Q1": 0.045111,
      "2019-Q2": 0.044215,
      "2019-Q3": 0.046387,
      "2019-Q4": 0.044838,
      "2020-Q1": 0.044682,
      "2020-Q2": 0.051713,
      "2020-Q3": 0.041688,
      "2020-Q4": 0.035014,
      "2021-Q1": 0.032533,
      "2021-Q2": 0.034681,
      "2021-Q3": 0.036677,
      "2021-Q4": 0.036502,
      "2022-Q1": 0.04083,
      "2022-Q2": 0.042706,
      "2022-Q3": 0.047507,
      "2022-Q4": 0.049265,
      "2023-Q1": 0.051971,
      "2023-Q2": 0.053639,
      "2023-Q3": 0.055199,
      "2023-Q4": 0.052996,
      "2024-Q1": 0.0489,
      "2024-Q2": 0.045469,
      "2024-Q3": 0.044364,
      "2024-Q4": 0.044004,
      "2025-Q1": 0.048814,
      "2025-Q2": 0.054784,
      "2025-Q3": 0.054988,
      "2025-Q4": 0.053456
    },
    "basileia": {
      "2011-Q1": 0.124471,
      "2011-Q2": 0.138513,
      "2011-Q3": 0.127165,
      "2011-Q4": 0.141274,
      "2012-Q1": 0.130365,
      "2012-Q2": 0.154993,
      "2012-Q3": 0.150537,
      "2012-Q4": 0.143083,
      "2013-Q1": 0.136004,
      "2013-Q2": 0.138878,
      "2013-Q3": 0.139148,
      "2013-Q4": 0.145098,
      "2014-Q1": 0.14495,
      "2014-Q2": 0.15115,
      "2014-Q3": 0.15282,
      "2014-Q4": 0.1496,
      "2015-Q1": 0.1379,
      "2015-Q2": 0.1486,
      "2015-Q3": 0.144001,
      "2015-Q4": 0.1523,
      "2016-Q1": 0.143868,
      "2016-Q2": 0.149211,
      "2016-Q3": 0.157997,
      "2016-Q4": 0.150612,
      "2017-Q1": 0.131588,
      "2017-Q2": 0.1353,
      "2017-Q3": 0.1463,
      "2017-Q4": 0.1554,
      "2018-Q1": 0.1657,
      "2018-Q2": 0.1602,
      "2018-Q3": 0.163914,
      "2018-Q4": 0.157394,
      "2019-Q1": 0.160339,
      "2019-Q2": 0.158425,
      "2019-Q3": 0.156566,
      "2019-Q4": 0.150981,
      "2020-Q1": 0.142922,
      "2020-Q2": 0.144279,
      "2020-Q3": 0.151814,
      "2020-Q4": 0.146419,
      "2021-Q1": 0.146509,
      "2021-Q2": 0.152452,
      "2021-Q3": 0.1566,
      "2021-Q4": 0.1582,
      "2022-Q1": 0.159977,
      "2022-Q2": 0.171225,
      "2022-Q3": 0.170494,
      "2022-Q4": 0.142824,
      "2023-Q1": 0.141831,
      "2023-Q2": 0.146522,
      "2023-Q3": 0.153861,
      "2023-Q4": 0.156468,
      "2024-Q1": 0.15504,
      "2024-Q2": 0.156397,
      "2024-Q3": 0.16231,
      "2024-Q4": 0.160192,
      "2025-Q1": 0.153658,
      "2025-Q2": 0.160592,
      "2025-Q3": 0.169727,
      "2025-Q4": 0.167158
    }
  }
}