{
  "banco": "Itaú Unibanco",
  "ticker": "ITUB4",
  "kpis": {
    "lucro_liquido_recorrente": {
      "2024-Q1": 9.771,
      "2024-Q2": 10.0724,
      "2024-Q3": 10.6751,
      "2024-Q4": 10.8841,
      "2025-Q1": 11.1281,
      "2025-Q2": 11.5083,
      "2025-Q3": 11.8763,
      "2025-Q4": 12.3172
    },
    "roe": {
      "2024-Q1": 0.2191,
      "2024-Q2": 0.224,
      "2024-Q3": 0.2271,
      "2024-Q4": 0.2214,
      "2025-Q1": 0.2254,
      "2025-Q2": 0.2332,
      "2025-Q3": 0.2329,
      "2025-Q4": 0.2443
    },
    "indice_eficiencia": {
      "2024-Q1": 0.383,
      "2024-Q2": 0.3879,
      "2024-Q3": 0.402,
      "2024-Q4": 0.4071,
      "2025-Q1": 0.3808,
      "2025-Q2": 0.3876,
      "2025-Q3": 0.3951,
      "2025-Q4": 0.3893
    },
    "carteira_credito": {
      "2024-Q1": 1222.333,
      "2024-Q2": 1294.6948,
      "2024-Q3": 1318.082,
      "2024-Q4": 1406.3568,
      "2025-Q1": 1383.0972,
      "2025-Q2": 1389.0763,
      "2025-Q3": 1402.039,
      "2025-Q4": 1490.8164
    },
    "total_ativos": {
      "2024-Q1": 2788.916,
      "2024-Q2": 2931.995,
      "2024-Q3": 3008.534,
      "2024-Q4": 3048.537,
      "2025-Q1": 2820.926,
      "2025-Q2": 2898.05,
      "2025-Q3": 2996.463,
      "2025-Q4": 3096.277
    },
    "pl": {
      "2024-Q1": 0.0002,
      "2024-Q2": 0.0002,
      "2024-Q3": 0.0002,
      "2024-Q4": 0.0002,
      "2025-Q1": 0.0002,
      "2025-Q2": 0.0002,
      "2025-Q3": 0.0002,
      "2025-Q4": 0.0002
    },
    "inadimplencia_90d": {
      "2024-Q1": null,
      "2024-Q2": null,
      "2024-Q3": null,
      "2024-Q4": 0.0196,
      "2025-Q1": 0.0191,
      "2025-Q2": 0.0191,
      "2025-Q3": 0.0188,
      "2025-Q4": 0.0189
    },
    "basileia": {
      "2024-Q1": 0.164,
      "2024-Q2": 0.166,
      "2024-Q3": 0.172,
      "2024-Q4": 0.165,
      "2025-Q1": 0.157,
      "2025-Q2": 0.165,
      "2025-Q3": 0.164,
      "2025-Q4": 0.152
    },
    "margem_financeira": {
      "2024-Q1": 26880.38945594476,
      "2024-Q2": 27664.81184596772,
      "2024-Q3": 28511.75897582003,
      "2024-Q4": 29388.012566917176,
      "2025-Q1": 30322.090395866966,
      "2025-Q2": 31177.49235226652,
      "2025-Q3": 31381.566649262524,
      "2025-Q4": 31527.145978316104
    },
    "receita_servicos": {},
    "roaa": {
      "2024-Q1": 0.014250071141448823,
      "2024-Q2": 0.014084996249775994,
      "2024-Q3": 0.014376013909661919,
      "2024-Q4": 0.014375422945331088,
      "2025-Q1": 0.01516748219386405,
      "2025-Q2": 0.01609844349243117,
      "2025-Q3": 0.016118456529407972,
      "2025-Q4": 0.016172909955997614
    },
    "receitas_totais": {
      "2024-Q1": 40352.97436545089,
      "2024-Q2": 41810.94098323085,
      "2024-Q3": 42694.022790416886,
      "2024-Q4": 44098.11397593705,
      "2025-Q1": 44537.096699484784,
      "2025-Q2": 45728.28681558965,
      "2025-Q3": 46566.856625056156,
      "2025-Q4": 47560.32181632225
    },
    "nim": {
      "2024-Q1": 0.05769552959932267,
      "2024-Q2": 0.05732412099351336,
      "2024-Q3": 0.06005500362840621,
      "2024-Q4": 0.058849134954977345,
      "2025-Q1": 0.06136910660951678,
      "2025-Q2": 0.0633038177109777,
      "2025-Q3": 0.06210723383608019,
      "2025-Q4": 0.060864745964792855
    },
    "margem_clientes": {
      "2024-Q1": 17027.97530062101,
      "2024-Q2": 17451.32246054285,
      "2024-Q3": 19210.30745729933,
      "2024-Q4": 19841.166991468344,
      "2025-Q1": 20423.075356812788,
      "2025-Q2": 21227.316583986365,
      "2025-Q3": 21334.254372295632,
      "2025-Q4": 21533.094853912247
    }
  }
}