{
  "banco": "Santander Brasil",
  "ticker": "SANB11",
  "kpis": {
    "lucro_liquido_recorrente": {
      "2025-Q1": 3860.6646394,
      "2025-Q2": 3659.3732819,
      "2025-Q3": 4008.9536813,
      "2025-Q4": 4086.266
    },
    "roe": {
      "2016-Q1": 0.126366,
      "2016-Q2": 0.129921,
      "2016-Q3": 0.130501,
      "2016-Q4": 0.139199,
      "2017-Q1": 0.159182,
      "2017-Q2": 0.157519,
      "2017-Q3": 0.170716,
      "2017-Q4": 0.18325,
      "2018-Q1": 0.190672,
      "2018-Q2": 0.195283,
      "2018-Q3": 0.195266,
      "2018-Q4": 0.210535,
      "2019-Q1": 0.210941,
      "2019-Q2": 0.213307,
      "2019-Q3": 0.210624,
      "2019-Q4": 0.212654,
      "2020-Q1": 0.213317,
      "2020-Q2": 0.216251,
      "2020-Q3": 0.209605,
      "2020-Q4": 0.204371,
      "2021-Q1": 0.205868,
      "2021-Q2": 0.215964,
      "2021-Q3": 0.223508,
      "2021-Q4": 0.20039,
      "2022-Q1": 0.206639,
      "2022-Q2": 0.208493,
      "2022-Q3": 0.156095,
      "2022-Q4": 0.083469,
      "2023-Q1": 0.105532,
      "2023-Q2": 0.112347,
      "2023-Q3": 0.13093,
      "2023-Q4": 0.123397,
      "2024-Q1": 0.140997,
      "2024-Q2": 0.155189,
      "2024-Q3": 0.170427,
      "2024-Q4": 0.176226
    },
    "indice_eficiencia": {
      "2016-Q1": 0.503434,
      "2016-Q2": 0.479625,
      "2016-Q3": 0.457197,
      "2016-Q4": 0.492515,
      "2017-Q1": 0.449237,
      "2017-Q2": 0.434063,
      "2017-Q3": 0.437135,
      "2017-Q4": 0.443063,
      "2018-Q1": 0.400836,
      "2018-Q2": 0.396786,
      "2018-Q3": 0.397616,
      "2018-Q4": 0.42668,
      "2019-Q1": 0.390127,
      "2019-Q2": 0.381136,
      "2019-Q3": 0.383596,
      "2019-Q4": 0.400542,
      "2020-Q1": 0.36753,
      "2020-Q2": 0.346773,
      "2020-Q3": 0.355424,
      "2020-Q4": 0.380507,
      "2021-Q1": 0.342843,
      "2021-Q2": 0.337908,
      "2021-Q3": 0.356665,
      "2021-Q4": 0.374495,
      "2022-Q1": 0.360406,
      "2022-Q2": 0.338897,
      "2022-Q3": 0.373873,
      "2022-Q4": 0.406131,
      "2023-Q1": 0.411421,
      "2023-Q2": 0.431493,
      "2023-Q3": 0.424926,
      "2023-Q4": 0.430049,
      "2024-Q1": 0.397134,
      "2024-Q2": 0.392861,
      "2024-Q3": 0.388777,
      "2024-Q4": 0.380355
    },
    "margem_financeira": {
      "2025-Q1": 15921.6188,
      "2025-Q2": 15396.3734,
      "2025-Q3": 15208.201,
      "2025-Q4": 15331.9293
    },
    "carteira_credito": {},
    "total_ativos": {},
    "receita_servicos": {
      "2025-Q1": 5136.5611,
      "2025-Q2": 5204.0085,
      "2025-Q3": 5552.0777,
      "2025-Q4": 5754.1501
    },
    "receitas_totais": {
      "2025-Q1": 21058.1799,
      "2025-Q2": 20600.3819,
      "2025-Q3": 20760.2787,
      "2025-Q4": 21086.0794
    },
    "custo_credito": {
      "2025-Q1": -6389.8359628,
      "2025-Q2": -6861.9382978,
      "2025-Q3": -6523.9816988,
      "2025-Q4": -6104.5351575
    },
    "despesas_pessoal": {
      "2025-Q1": -6573.4718016,
      "2025-Q2": -6412.0731473,
      "2025-Q3": -6423.2727796,
      "2025-Q4": -6633.3097251
    },
    "despesas_admin": {
      "2025-Q1": -1341.1684962,
      "2025-Q2": -1333.829173,
      "2025-Q3": -1420.4515403,
      "2025-Q4": -1470.6983503
    }
  }
}