{
  "banco": "Santander Brasil",
  "ticker": "SANB11",
  "kpis": {
    "lucro_liquido_recorrente": {
      "2009-Q1": 0.865183,
      "2009-Q2": 1.289725,
      "2009-Q3": 1.274983,
      "2009-Q4": 1.246643,
      "2010-Q1": 1.825212,
      "2010-Q2": 1.811919,
      "2010-Q3": 1.826328,
      "2010-Q4": 1.641034,
      "2011-Q1": 1.826666,
      "2011-Q2": 1.549367,
      "2011-Q3": 1.641491,
      "2011-Q4": 1.64318,
      "2012-Q1": 1.774217,
      "2012-Q2": 1.472773,
      "2012-Q3": 1.509228,
      "2012-Q4": 1.606514,
      "2013-Q1": 1.518565,
      "2013-Q2": 1.409954,
      "2013-Q3": 1.406605,
      "2013-Q4": 1.409188,
      "2014-Q1": 1.427645,
      "2014-Q2": 1.436769,
      "2014-Q3": 1.463817,
      "2014-Q4": 1.521475,
      "2015-Q1": 1.63291,
      "2015-Q2": 1.675186,
      "2015-Q3": 1.708106,
      "2015-Q4": 1.607482,
      "2016-Q1": 1.660155,
      "2016-Q2": 1.806007,
      "2016-Q3": 1.883688,
      "2016-Q4": 1.988684,
      "2017-Q1": 2.280116,
      "2017-Q2": 2.335269,
      "2017-Q3": 2.585742,
      "2017-Q4": 2.75181,
      "2018-Q1": 2.858984,
      "2018-Q2": 3.024767,
      "2018-Q3": 3.108467,
      "2018-Q4": 3.405296,
      "2019-Q1": 3.485199,
      "2019-Q2": 3.634694,
      "2019-Q3": 3.704511,
      "2019-Q4": 3.725546,
      "2020-Q1": 3.6838,
      "2020-Q2": 3.850523,
      "2020-Q3": 3.85918,
      "2020-Q4": 3.877639,
      "2021-Q1": 3.955391,
      "2021-Q2": 4.170831,
      "2021-Q3": 4.340306,
      "2021-Q4": 3.880374,
      "2022-Q1": 4.005169,
      "2022-Q2": 4.083511,
      "2022-Q3": 3.122066,
      "2022-Q4": 1.689018,
      "2023-Q1": 1894.848135,
      "2023-Q2": 1999.956719,
      "2023-Q3": 2650.622464,
      "2023-Q4": 1938.835484,
      "2024-Q1": 3539.071653,
      "2024-Q2": 3906.51527,
      "2024-Q3": 4332.988904,
      "2024-Q4": 5104.177,
      "2025-Q1": 3.860665,
      "2025-Q2": 3.659373,
      "2025-Q3": 4.008954,
      "2025-Q4": 4.086266
    },
    "roe": {
      "2016-Q1": 0.126366,
      "2016-Q2": 0.129921,
      "2016-Q3": 0.130501,
      "2016-Q4": 0.139199,
      "2017-Q1": 0.159182,
      "2017-Q2": 0.157519,
      "2017-Q3": 0.170716,
      "2017-Q4": 0.18325,
      "2018-Q1": 0.190672,
      "2018-Q2": 0.195283,
      "2018-Q3": 0.195266,
      "2018-Q4": 0.210535,
      "2019-Q1": 0.210941,
      "2019-Q2": 0.213307,
      "2019-Q3": 0.210624,
      "2019-Q4": 0.212654,
      "2020-Q1": 0.213317,
      "2020-Q2": 0.216251,
      "2020-Q3": 0.209605,
      "2020-Q4": 0.204371,
      "2021-Q1": 0.205868,
      "2021-Q2": 0.215964,
      "2021-Q3": 0.223508,
      "2021-Q4": 0.20039,
      "2022-Q1": 0.206639,
      "2022-Q2": 0.208493,
      "2022-Q3": 0.156095,
      "2022-Q4": 0.083469,
      "2023-Q1": 0.105532,
      "2023-Q2": 0.112347,
      "2023-Q3": 0.13093,
      "2023-Q4": 0.123397,
      "2024-Q1": 0.140997,
      "2024-Q2": 0.155189,
      "2024-Q3": 0.170427,
      "2024-Q4": 0.176226
    },
    "indice_eficiencia": {
      "2016-Q1": 0.503434,
      "2016-Q2": 0.479625,
      "2016-Q3": 0.457197,
      "2016-Q4": 0.492515,
      "2017-Q1": 0.449237,
      "2017-Q2": 0.434063,
      "2017-Q3": 0.437135,
      "2017-Q4": 0.443063,
      "2018-Q1": 0.400836,
      "2018-Q2": 0.396786,
      "2018-Q3": 0.397616,
      "2018-Q4": 0.42668,
      "2019-Q1": 0.390127,
      "2019-Q2": 0.381136,
      "2019-Q3": 0.383596,
      "2019-Q4": 0.400542,
      "2020-Q1": 0.36753,
      "2020-Q2": 0.346773,
      "2020-Q3": 0.355424,
      "2020-Q4": 0.380507,
      "2021-Q1": 0.342843,
      "2021-Q2": 0.337908,
      "2021-Q3": 0.356665,
      "2021-Q4": 0.374495,
      "2022-Q1": 0.360406,
      "2022-Q2": 0.338897,
      "2022-Q3": 0.373873,
      "2022-Q4": 0.406131,
      "2023-Q1": 0.411421,
      "2023-Q2": 0.431493,
      "2023-Q3": 0.424926,
      "2023-Q4": 0.430049,
      "2024-Q1": 0.397134,
      "2024-Q2": 0.392861,
      "2024-Q3": 0.388777,
      "2024-Q4": 0.380355
    },
    "margem_financeira": {
      "2025-Q1": 15.921619,
      "2025-Q2": 15.396373,
      "2025-Q3": 15.208201,
      "2025-Q4": 15.331929
    },
    "carteira_credito": {},
    "total_ativos": {}
  }
}